title,category,author,date,replies,content,url,scraped_at
Looking for best automatic backlinks building tools for 2025 and upward - Seeking Recommendations,Black Hat SEO,Dotasense,"Sep 29, 2008",123,"Hello everyone, I'm currently exploring backlink building tools to enhance my SEO strategy, and I was wondering if anyone here has any recommendations for the best tools available right now. I’ve come across some popular ones like Xrumer, GSA SER, and ScrapeBox, but with so many options available, I find it a bit overwhelming to decide which one is the most effective. It would be great to hear from those who have more experience in this area and get some insights on which tools have worked best for you, especially in 2025. Your feedback would be much appreciated. Thank you in advance.",https://www.blackhatworld.com/seo/looking-for-best-automatic-backlinks-building-tools-for-2025-and-upward-seeking-recommendations.1782335/,2026-06-28T13:42:42.863913
1M$ ADULT TUBE | TAKE NO. #2,Making Money,maxeem,"Nov 15, 2023",147,"Yes, starting another journey on an adult website . . . My last one didn't go well because I made many mistakes. BUT NOW, IT'S PAYBACK TIME BABY The setup: - Domain: Namecheap ( I will move it to another registrar soon) - Host: AlexHost ( Just testing things out, let's see how it works) - Videos Host: Doodstream ( For the first 30 days I will use this. After a month, I will switch to BunnyCDN). - Platform: Wordpress ( I know it's trash) -------------------- Total cost: around 8$ a month. The domain is not new. Someone previously owned an adult tube and dropped the domain. I bought it for cheap. The domain has 200k backlinks (from various adult tubes), around 1120 indexed pages, 6150 deindexed pages, no penalty and it still brings traffic. The plan: My plan is to rebuild the website. I have the sitemap and I want to reupload each video. Also, I'm planning to add some ""OF Leaks"" to bring more traffic and grow the website. My main focus is not that kind of content but I have to do it. In the near future, I will build a Reddit community around this kind of content and start to bring more traffic. How you can help: Any valuable information, hit me up. If you own any adult tube website, any backlink exchange is welcome.",https://www.blackhatworld.com/seo/1m-adult-tube-take-no-2.1572573/,2026-06-28T13:42:51.939558
Does blogging still work?,Black Hat SEO,XBJUANR3,"Feb 23, 2023",18,I am planning to start with my Travel niche! Is it the perfect time to start?,https://www.blackhatworld.com/seo/does-blogging-still-work.1748884/,2026-06-28T13:44:05.347738
Meta (Facebook Ads) Conversion Campaign Updates: What Advertisers Should Watch Going Into June,Social Media,seogodyy,"Oct 19, 2021",253,"Meta (Facebook Ads) Conversion Campaign Updates: What Advertisers Should Watch Going Into June I wanted to share a few trends and platform changes that are having the biggest impact on conversion-focused campaigns. These observations are based on current Meta Ads features and advertiser experiences, not official announcements of future policy changes. 1. Meta Continues to Push AI-Powered Automation​Meta is investing heavily in automation through Advantage+ products. Many advertisers are seeing stronger results when allowing the system to optimize: Audience targeting Placements Budget allocation Creative delivery Manual campaign structures still have their place, but automated setups are becoming increasingly competitive. 2. Sales Objective Remains the Core Conversion Framework​The old ""Conversions"" objective has been integrated into Meta's broader Sales objective. Advertisers can optimize for conversions across: Website App Messenger WhatsApp Other supported destinations This simplifies campaign setup while giving Meta more flexibility for optimization. 3. Conversion API (CAPI) Is More Important Than Ever​Privacy updates and browser restrictions continue to reduce the reliability of browser-only tracking. For better data accuracy, advertisers should consider: Meta Pixel implementation Conversion API integration Proper event deduplication A stronger tracking setup generally improves optimization and reporting quality. 4. Value-Based Optimization Is Gaining Importance​Instead of optimizing only for the number of purchases or leads, many advertisers are shifting toward: Purchase value optimization ROAS-focused bidding High-value customer acquisition This approach can help businesses focus on profitability rather than volume alone. 5. Broad Targeting Continues to Perform Well​One trend that remains consistent is Meta's preference for broader audiences. Many advertisers report positive results by: Using fewer interest restrictions Expanding age ranges when appropriate Allowing the algorithm more freedom to find potential customers Of course, testing is still essential because performance varies by niche and market. 6. Creative Quality Matters More Than Targeting Tweaks​As automation improves, creative assets are becoming one of the biggest performance drivers. Popular formats include: Short-form videos UGC-style content Reels-focused creatives Dynamic creative testing Strong creative often delivers a greater impact than small audience adjustments. 7. Lead Quality Optimization Is Becoming More Sophisticated​For lead generation campaigns, Meta continues improving its ability to identify higher quality prospects. Advertisers may benefit from: CRM integrations Offline conversion tracking Lead feedback systems Better data helps the algorithm optimize toward leads that are more likely to convert into customers. Final Thoughts​The overall direction of Meta advertising is clear: more automation, stronger AI optimization, better first-party data usage, and increased emphasis on creative quality. Advertisers who adapt their tracking infrastructure, test broader audiences, and continuously improve creatives will likely be in a stronger position as the platform evolves. What changes have you noticed recently in your conversion campaigns? I'd be interested to hear other experiences and test results.",https://www.blackhatworld.com/seo/meta-facebook-ads-conversion-campaign-updates-what-advertisers-should-watch-going-into-june.1821533/,2026-06-28T13:44:14.233432
Is Platform Choice More Important Than Content?,Social Media,Gate Bill,"Jan 6, 2026",15,"Hello all, When it comes to social media growth, I see mixed opinions on whether choosing the right platform matters more than the content itself. I’d like to understand how members here think about this balance. Thanks for sharing your thoughts.",https://www.blackhatworld.com/seo/is-platform-choice-more-important-than-content.1784962/,2026-06-28T13:44:22.475570
Identifying & Diverting Bot Traffic Mechanism,Making Money,LX911,"Jun 28, 2011",425,"Hello BHW members, a lot of us are in continuous pursuit to find a PPC network with low level bot traffic but that's a rare thing nowadays! In some threads, experts have commented about tracking the traffic and optimizing the source PPC campaigns but is there any realtime bot traffic detector script OR run-through platform that can identify and take necessary action? How are you guys identifying and taking action on bot traffic?",https://www.blackhatworld.com/seo/identifying-diverting-bot-traffic-mechanism.1642808/,2026-06-28T13:44:30.611498
I Created This BHW Extension To Stop Spams And This Is What Happened,BlackHatWorld,Salamouna,"Aug 28, 2014",11711,I posted a thread asking about something and noticed that most of AI and spam comment are from accounts that are created in 2026 so I made this chrome extension to hide any post or comments made by new account created in 2026 Before After This way I will avoid at least 90% of AI and spam I can tweak it to hide all comments from account that have less than x posts what do you think?,https://www.blackhatworld.com/seo/i-created-this-bhw-extension-to-stop-spams-and-this-is-what-happened.1811887/,2026-06-28T13:44:45.939178
Permanently Closed Marketplace Sales Thread,The Marketplace,Rtech,"Jul 17, 2020",693,Sales Thread Update This sales thread has been permanently closed! Original sales content and contact information have been removed to protect our members and maintain the quality of the Marketplace. Click here to find active and tested SEO Package services! Check out our Marketplace Rules if you wish to become a seller in our Marketplace.​,https://www.blackhatworld.com/seo/permanently-closed-marketplace-sales-thread.1495939/,2026-06-28T13:44:55.239789
Permanently Closed Marketplace Sales Thread,The Marketplace,paterson5,"Aug 11, 2022",130,"Sales Thread Update This sales thread has been permanently closed! Original sales content and contact information have been removed to protect our members and maintain the quality of the Marketplace. Click here to find active, tested account selling & renting services! Check out our Marketplace Rules if you wish to become a seller in our Marketplace.​",https://www.blackhatworld.com/seo/permanently-closed-marketplace-sales-thread.1618045/,2026-06-28T13:45:05.045801
Best Safe LinkedIn Automation Tool in 2025?,Social Media,ZenWolf,"Dec 19, 2019",870,what’s the safest LinkedIn automation tool right now (cloud-based or desktop) that doesn’t get you banned? Looking for something reliable for outreach without risking my profile.,https://www.blackhatworld.com/seo/best-safe-linkedin-automation-tool-in-2025.1701965/,2026-06-28T13:45:14.450438
DR Resolvedthewhitehorse vs cageycard55,BlackHatWorld,thewhitehorse,"Nov 14, 2022",782,"Username: thewhitehorse Please create your Dispute title using the format in the description below. thewhitehorse vs cageycard55 Are you the buyer or seller? Buyer What is the date the incident took place? Oct 30, 2025 What is the name of the accused? @cageycard55 Did you encounter the accused on BlackHat World? Yes Have you started a chargeback with your bank or a Dispute with the payment provider over the transaction? No Have you contacted the accused via DM (direct message) here on BlackHat World? Yes Have you informed the accused of the Dispute? Yes Please add the URL (link) to the location the transaction took place here on BlackHat World. https://www.blackhatworld.com/seo/amazon-aws-ses-50k-limit-skip-sandbox-start-sending-today.1749561 What product category best describes the product/service involved in your Dispute? Account buying/selling What is the USD amount involved in your Dispute? $350 Please describe the reason for submitting a Dispute, in detail. The other party, AMAZON WEB SERVICE, sells simple email service SES accounts. One account is worth about $350. We contacted him via BHW PM. After agreeing on the price and also because he is a RANKED JR. VIP member, I made the payment. When he forwarded the account to me, I could not provide a login that matched the login information provided. He then ignored my messages and foolishly denied it. After I told them I would open a dispute against the other party, they took advantage of the privileges BHW grants to the other party in such cases and asked me for 48 hours. This request was not to refund my account, but rather to defraud others. Please detail exactly how you have tried to resolve your issue before now. I try to reach him via PM or telegram but he ddint reply me. He is gone What kind of outcome are you looking for from this Dispute? I am looking for to take my money back or my accounts back! Please paste any URLs that point to evidence for your Dispute. https://www.blackhatworld.com/direct-messages/aws-ses.30879040/page-2#convMessage-35969779 Please upload any screenshots, videos, or other document files that point to the required evidence. Please confirm you have sent a DM, here on BHW, to the accused? Yes Please confirm there has been a 24 hour period between informing the accused of the dispute and right now? Yes Please confirm that the transaction started on BHW via DM, sales thread, WTB/HAF threads, advertisement or signature. Yes Please confirm that you have provided evidence of the transaction via URL, screen shot or video. Yes Please confirm that you have explained what the dispute is about, in detail. Yes Please confirm you have added all supporting evidence to show that you have a case for a dispute. Yes By pressing the Submit button on this form, you certify that you have completed every step. You acknowledge that skipping any of the requirements or failing to attach evidence that supports your case could result in this Dispute not only being deleted, but your account being given a warning. Yes",https://www.blackhatworld.com/seo/thewhitehorse-vs-cageycard55.1768211/,2026-06-28T13:45:23.134051
Is there any bot or script which can automate my whatsapp account warming strategy?,Making Money,wakilla,"Dec 10, 2025",3,"Hi all, i hope everybody is well. I'm looking for some recommendations or any guide that can help with my problem. Currently i am manually warming up my whatsapp accounts. I inquire on property listings online, and then the agent will message me directly on the whatsapp. I talk to them a bit, and get them to save my number by saying i will be in contact with them in the near future to buy property. This makes the accounts much warmer for bulk sending. My question is though, can i automate this? Is there a bot or script that will click on the listings, inquire, and then message the agents for me? This would mean i could dramatically increase the number of accounts i can warm up at one time. Any ideas or suggestions would be greatly appreciated. Many thanks!",https://www.blackhatworld.com/seo/is-there-any-bot-or-script-which-can-automate-my-whatsapp-account-warming-strategy.1778873/,2026-06-28T13:45:31.448907
